customer_id,name,email,phone,city,join_date
CUST-10000,Anmol Warrior,juppal@example.net,3061438255,Dubai,2024-11-14
CUST-10001,Max Krishnamurthy,suhanidhingra@example.org,5825030822,Abu Dhabi,2025-12-12
CUST-10002,Lopa Lata,shabhanumati@example.org,+913823636293,Ajman,2025-10-08
CUST-10003,Madhavi Brar,tamanna63@example.org,03180878753,Sharjah,2025-06-21
CUST-10004,Xavier Tara,ryan73@example.net,+910364655916,Ajman,2025-09-16
CUST-10005,Sanaya Sibal,warjasnarain@example.org,02673337222,Ajman,2024-07-27
CUST-10006,Nachiket Buch,logan07@example.com,5921618672,Abu Dhabi,2025-09-11
CUST-10007,Upadhriti Chandra,xitiandra@example.org,01257706578,Ajman,2024-12-04
CUST-10008,Vasatika Deol,yashoda83@example.com,8550946640,Ajman,2024-09-21
CUST-10009,Jeremiah Mane,cbalasubramanian@example.org,+917426818459,Sharjah,2025-06-06
CUST-10010,Anvi Batra,ikballoke@example.org,00912585978,Ajman,2024-05-04
CUST-10011,Harrison Yogi,goyalzarna@example.org,09154897623,Sharjah,2024-08-08
CUST-10012,Meghana Bhagat,njoshi@example.net,9999521998,Sharjah,2024-05-03
CUST-10013,Falan Malhotra,atella@example.com,3713957008,Ajman,2024-12-31
CUST-10014,Sarthak Bhatt,fbahri@example.net,09150394291,Sharjah,2025-02-15
CUST-10015,Charles Edwin,mahikavora@example.org,+914863577475,Sharjah,2026-03-20
CUST-10016,Yutika Dar,pbarman@example.org,09273494186,Ajman,2025-04-26
CUST-10017,Neelima Sahota,ldixit@example.com,+917794594437,Dubai,2024-09-15
CUST-10018,Jagrati Chakraborty,indalibahl@example.com,03144718496,Abu Dhabi,2024-12-18
CUST-10019,Pushti Kalla,urishillanagar@example.net,4016851067,Ajman,2025-01-30
CUST-10020,Yatin Kothari,rtank@example.org,+917217220390,Sharjah,2024-10-20
CUST-10021,Omya Ganesh,masonwalla@example.org,01006651926,Dubai,2025-10-20
CUST-10022,Nitesh Varkey,wsama@example.org,+914107184280,Dubai,2026-03-09
CUST-10023,Rushil Vyas,hsethi@example.net,05466806608,Dubai,2025-06-22
CUST-10024,Imaran Borde,tshenoy@example.org,9838300583,Dubai,2024-12-09
CUST-10025,Rayaan Morar,yohannanrayaan@example.org,+914615076586,Ajman,2025-07-29
CUST-10026,Aarnav De,icheema@example.com,05747565264,Sharjah,2026-01-06
CUST-10027,Mahika Guha,adityabatta@example.com,+915037449957,Abu Dhabi,2024-09-11
CUST-10028,Oscar Chaudhari,anaygopal@example.com,08015730789,Sharjah,2024-10-30
CUST-10029,Charles Nagi,goyalethan@example.org,6127257176,Dubai,2024-06-16
CUST-10030,Kritika Solanki,tarora@example.net,09248800862,Ajman,2024-12-16
CUST-10031,Vihaan Varma,sshukla@example.net,8138456085,Sharjah,2025-10-24
CUST-10032,Ansh Srinivasan,kotawriddhish@example.net,+916991579967,Sharjah,2025-11-19
CUST-10033,Akshay Suri,patrick77@example.org,2228968536,Abu Dhabi,2025-08-06
CUST-10034,Varsha Borra,imaran84@example.org,01671997633,Dubai,2024-11-16
CUST-10035,Champak Balakrishnan,gayathriverma@example.net,+918957590545,Dubai,2025-05-15
CUST-10036,Andrew Banerjee,jaisoni@example.net,8089810411,Ajman,2025-04-04
CUST-10037,Neel Thakur,manthan38@example.net,+913152468659,Dubai,2025-04-02
CUST-10038,Hardik Pau,tarachanakya@example.net,08170817116,Abu Dhabi,2025-04-14
CUST-10039,Vedant Radhakrishnan,keergaurangi@example.org,02682531886,Sharjah,2024-06-17
CUST-10040,Onveer Iyengar,chadhaanjali@example.net,07793057903,Sharjah,2024-11-05
CUST-10041,Kai Wadhwa,veer18@example.net,8982418192,Abu Dhabi,2026-01-25
CUST-10042,Yashawini Raj,pranit54@example.net,9396356068,Abu Dhabi,2025-04-20
CUST-10043,Nimrat Kibe,kyohannan@example.org,9127044418,Sharjah,2025-09-05
CUST-10044,Vrinda Mahajan,bhavya13@example.net,00097996905,Dubai,2024-09-08
CUST-10045,Rehaan Raju,lgera@example.net,+914356179789,Abu Dhabi,2025-07-13
CUST-10046,Noah Sarin,sanyagara@example.net,5227792475,Abu Dhabi,2026-03-12
CUST-10047,Frederick Golla,rishi67@example.org,+918852263148,Sharjah,2025-07-04
CUST-10048,Onveer Biswas,joshuabhargava@example.org,5795870172,Dubai,2025-03-11
CUST-10049,Dhriti Khalsa,wakeeta97@example.net,+916633113893,Sharjah,2025-05-26
CUST-10050,Baljiwan Seshadri,fgandhi@example.net,02812387967,Ajman,2024-09-14
CUST-10051,Veda Buch,wrideshchanda@example.org,01217882453,Ajman,2024-12-29
CUST-10052,Triya Bedi,joshuasant@example.com,00295082917,Ajman,2026-01-28
CUST-10053,Fitan Seshadri,tanmayichacko@example.net,6491173903,Ajman,2025-09-28
CUST-10054,Zaitra Ganesan,bakhshimahajan@example.org,05285966532,Ajman,2024-10-04
CUST-10055,Balhaar Natarajan,aarnav54@example.com,06036189161,Abu Dhabi,2024-12-08
CUST-10056,Brinda Yohannan,rishi27@example.org,06241123856,Dubai,2024-12-21
CUST-10057,Upasna Sarma,om53@example.net,9483116475,Ajman,2025-02-08
CUST-10058,Ekalinga Shanker,nachiketprashad@example.org,+917999956631,Abu Dhabi,2024-05-09
CUST-10059,Christopher Mistry,kapadianandini@example.org,07616772350,Ajman,2024-12-18
CUST-10060,Dhriti Thaman,bahlmeghana@example.org,05396874694,Abu Dhabi,2025-03-08
CUST-10061,Yatin Ben,vasudha81@example.com,7627901726,Ajman,2026-02-03
CUST-10062,Yuvraj Bhargava,shaurya48@example.org,03069695412,Sharjah,2025-05-17
CUST-10063,Vansha Din,yadavikumer@example.net,06984294423,Ajman,2024-11-27
CUST-10064,Laban Sur,ekantanarang@example.com,0948639355,Abu Dhabi,2024-11-23
CUST-10065,Krish Palla,omya70@example.net,08661649212,Ajman,2024-08-24
CUST-10066,Agastya Hora,indrajitnagy@example.net,+913594908077,Ajman,2025-09-03
CUST-10067,Lila Dass,sanayapadmanabhan@example.net,3979939065,Abu Dhabi,2026-04-12
CUST-10068,Turvi Bawa,farasswamy@example.com,5970597001,Sharjah,2026-03-01
CUST-10069,Bina Lad,qhayer@example.net,+918145295732,Dubai,2025-11-19
CUST-10070,Xavier Sahni,timothy13@example.net,+913268371003,Dubai,2024-07-31
CUST-10071,Ekalinga Hegde,timothy51@example.net,+916510042489,Dubai,2024-07-04
CUST-10072,Orinder Thaman,lipikasandal@example.org,1159978274,Ajman,2025-09-19
CUST-10073,Jackson Misra,dkari@example.net,+919200660746,Dubai,2025-02-18
CUST-10074,Anika Swaminathan,ryan44@example.com,+914013090868,Sharjah,2025-01-08
CUST-10075,Nitara Bhalla,pranitoza@example.net,02758655740,Ajman,2025-10-14
CUST-10076,Forum Tailor,talwarmahika@example.org,1565940261,Ajman,2025-02-09
CUST-10077,Kavya Manda,aptegarima@example.com,+911343272136,Sharjah,2025-12-15
CUST-10078,Ikshita Sharma,yachana83@example.org,4806365727,Ajman,2024-07-26
CUST-10079,Advay Patla,urvi62@example.org,8251303092,Sharjah,2025-11-27
CUST-10080,Aayush Pau,gabriel44@example.org,+914122307247,Dubai,2024-04-23
CUST-10081,Osha Sandhu,shivanshbal@example.org,07714319862,Sharjah,2025-09-19
CUST-10082,Arya Chaudhary,ekar@example.net,+917151613549,Sharjah,2024-11-01
CUST-10083,Kiaan Raman,dbalakrishnan@example.org,02742294391,Abu Dhabi,2024-12-31
CUST-10084,Yamini Gokhale,michaelkari@example.com,09178539063,Dubai,2024-07-17
CUST-10085,Maya Dhar,janibalveer@example.net,07195646398,Sharjah,2025-01-24
CUST-10086,Dayamai Shan,anushaarya@example.com,08345718119,Sharjah,2025-08-12
CUST-10087,Nachiket Gopal,dkapadia@example.org,05896095514,Dubai,2025-11-24
CUST-10088,Chanchal Shah,deytriveni@example.com,0512397585,Abu Dhabi,2026-03-28
CUST-10089,Indrajit Chaudhry,jchakraborty@example.net,0843854800,Abu Dhabi,2025-08-25
CUST-10090,Kamya Gour,mangatviraj@example.com,05551797818,Ajman,2024-09-23
CUST-10091,Ikbal Kohli,balvan09@example.com,4070813989,Ajman,2025-11-01
CUST-10092,Qadim Ben,anjali89@example.org,+916279457634,Sharjah,2025-02-22
CUST-10093,Lekha Keer,wallaeta@example.com,+910184369787,Abu Dhabi,2025-07-13
CUST-10094,Kritika Vyas,dalajakakar@example.org,+912982331598,Sharjah,2024-07-03
CUST-10095,Lakshit Memon,krao@example.net,04649267302,Sharjah,2025-01-04
CUST-10096,Faraj Vora,daksha01@example.org,7047865090,Sharjah,2025-06-23
CUST-10097,Vrishti Narang,swamyadvay@example.com,8734215496,Ajman,2025-09-23
CUST-10098,Ekiya Patla,ekapad25@example.org,06615591762,Ajman,2026-02-10
CUST-10099,Ishanvi Sant,dashnimrat@example.com,02975515770,Ajman,2025-05-25
CUST-10100,Gayathri Raju,bimalakhalsa@example.com,6196640368,Sharjah,2025-06-08
CUST-10101,Kai Desai,ynagarajan@example.com,04387144121,Ajman,2024-10-13
CUST-10102,Udarsh Shan,pchaudry@example.org,01005642386,Dubai,2024-07-27
CUST-10103,Ria Kumar,ebhasin@example.com,01705355577,Sharjah,2024-11-24
CUST-10104,Ekiya Raman,agola@example.net,02315289520,Abu Dhabi,2026-03-25
CUST-10105,Henry Gill,nidrapradhan@example.com,6724129679,Abu Dhabi,2024-08-01
CUST-10106,Aayush Narayanan,diya85@example.org,05766038591,Dubai,2024-08-18
CUST-10107,Gautam Kashyap,lsampath@example.net,06764834283,Abu Dhabi,2025-05-12
CUST-10108,Yug Agrawal,patlalopa@example.net,9911372815,Abu Dhabi,2026-04-15
CUST-10109,Nathaniel Ganesh,jeevika25@example.net,+914748981873,Ajman,2025-11-04
CUST-10110,Upma Taneja,ayushman08@example.org,09815650475,Abu Dhabi,2024-08-01
CUST-10111,Chakradhar Mall,peterkrishna@example.net,06020158553,Dubai,2024-12-06
CUST-10112,Tripti Sidhu,nsaran@example.org,8584183424,Abu Dhabi,2025-01-18
CUST-10113,Mekhala Patel,bhayre@example.com,+911233089487,Ajman,2024-11-18
CUST-10114,Bhavini Aurora,ekanirao@example.org,04723471732,Abu Dhabi,2025-12-15
CUST-10115,Andrew Brahmbhatt,chakrabartiagastya@example.com,8737329578,Sharjah,2026-03-10
CUST-10116,Abeer Kalita,tamanna48@example.net,04755618865,Ajman,2024-06-15
CUST-10117,Timothy Date,manthan23@example.net,7266179423,Dubai,2024-12-31
CUST-10118,Hemangini Ghosh,ekarajbhatti@example.net,04495932167,Dubai,2025-08-11
CUST-10119,Frado Roy,calebtandon@example.com,+917692257172,Abu Dhabi,2024-08-18
CUST-10120,Radha Rau,chakradev95@example.com,05504106439,Abu Dhabi,2026-04-10
CUST-10121,Aarna Wagle,chadasai@example.net,+913782019118,Dubai,2024-05-19
CUST-10122,Brinda Dara,kondaakshay@example.org,1556526608,Ajman,2024-06-30
CUST-10123,Fitan Kala,dalbirramachandran@example.net,00408445819,Abu Dhabi,2024-07-17
CUST-10124,Manthan Borde,usrinivasan@example.net,4899940322,Sharjah,2026-01-04
CUST-10125,Pavani Dara,gangulydarpan@example.org,+914897489910,Abu Dhabi,2025-10-01
CUST-10126,Vansha Dar,lparikh@example.com,+917275335281,Abu Dhabi,2026-01-10
CUST-10127,Vaishnavi Bhattacharyya,pillayedhitha@example.com,3432290984,Sharjah,2024-09-11
CUST-10128,Aradhana Bhandari,farasgoel@example.org,8025756571,Abu Dhabi,2026-03-17
CUST-10129,Dalaja Muni,karpenetra@example.net,+911749556655,Dubai,2026-04-16
CUST-10130,Faqid Bath,korpaldalbir@example.net,5710555212,Ajman,2025-11-18
CUST-10131,Zansi Banik,rtalwar@example.net,09097621254,Ajman,2026-03-01
CUST-10132,Pranit Menon,wram@example.org,4465416066,Sharjah,2025-11-21
CUST-10133,Warinder Ben,virkreyansh@example.net,1977228848,Sharjah,2024-09-05
CUST-10134,Jagrati Desai,baljiwanhegde@example.net,09289588115,Dubai,2026-03-06
CUST-10135,Odika Kakar,voraekaraj@example.org,+916365209629,Dubai,2026-01-02
CUST-10136,Onkar Gopal,anitakale@example.org,+916738883014,Abu Dhabi,2025-04-18
CUST-10137,Vyanjana Comar,tthaker@example.com,+919941160719,Abu Dhabi,2025-10-27
CUST-10138,Ishaan Hari,nkorpal@example.com,+910537656082,Sharjah,2024-05-10
CUST-10139,Netra Bains,ozaekanta@example.com,01227998778,Abu Dhabi,2024-08-14
CUST-10140,Warjas Ahuja,mistryvaishnavi@example.com,+915254723329,Sharjah,2025-02-28
CUST-10141,Fariq Dugal,jackdutta@example.com,5512807705,Abu Dhabi,2025-03-16
CUST-10142,Eta Kala,kiaanprabhu@example.net,+911504401643,Ajman,2026-02-21
CUST-10143,Lajita Bandi,peter03@example.net,+913351967543,Abu Dhabi,2024-08-26
CUST-10144,Aahana Nazareth,lopavarghese@example.com,09254877648,Abu Dhabi,2025-08-01
CUST-10145,Kritika Buch,yasti65@example.org,08538712238,Dubai,2026-03-19
CUST-10146,Ati Baria,ssaxena@example.net,2541713793,Ajman,2024-07-31
CUST-10147,Nathaniel Tailor,kurianrajata@example.net,9911278817,Sharjah,2024-12-13
CUST-10148,Dalbir Sangha,tanvigola@example.org,+912214273883,Sharjah,2025-10-13
CUST-10149,Neel Das,zinal26@example.com,6147489591,Dubai,2026-03-13
CUST-10150,Kavya Kari,farhan43@example.net,05024661760,Ajman,2026-02-23
CUST-10151,Yadavi Nadkarni,nikita32@example.org,00760937343,Sharjah,2025-01-27
CUST-10152,Harshil Taneja,zayandivan@example.org,+912644430220,Ajman,2024-08-26
CUST-10153,Keya Lall,yahviaurora@example.net,03669927095,Ajman,2025-08-03
CUST-10154,Warinder Khosla,raaginidoctor@example.org,+910599790470,Ajman,2024-09-24
CUST-10155,Vasana Murty,ojasvimalhotra@example.org,+913489158428,Sharjah,2024-11-05
CUST-10156,Inaya Master,chaitanya77@example.org,+917744423320,Sharjah,2025-01-19
CUST-10157,Oviya Sridhar,jalsagoyal@example.org,5301315240,Ajman,2024-12-15
CUST-10158,Gautami Raju,kaigupta@example.com,04601992017,Abu Dhabi,2025-12-09
CUST-10159,Finn Balasubramanian,borakrish@example.org,04525528580,Sharjah,2024-09-05
CUST-10160,Advika Manne,aahanakhanna@example.org,+911987870923,Abu Dhabi,2024-05-18
CUST-10161,Balvan Dugal,ikibe@example.org,8283188022,Ajman,2024-09-28
CUST-10162,Max Lata,balvan64@example.net,09436442140,Abu Dhabi,2025-06-20
CUST-10163,Aarav Seth,sachimallick@example.net,+912949745440,Sharjah,2026-02-14
CUST-10164,Dalaja Bhardwaj,hwadhwa@example.org,03013728885,Dubai,2026-03-10
CUST-10165,Faqid Bhattacharyya,janakisood@example.net,+914368555598,Dubai,2025-04-02
CUST-10166,Viraj Setty,yashodakannan@example.net,3286285053,Sharjah,2024-07-16
CUST-10167,Yash Baral,xbalan@example.net,8548810047,Abu Dhabi,2024-11-22
CUST-10168,Vedhika Dube,chahalhredhaan@example.org,9470199268,Sharjah,2024-04-26
CUST-10169,Aachal Bhakta,azaanchacko@example.net,7856858762,Abu Dhabi,2025-01-26
CUST-10170,Amrita Tara,balekaraj@example.net,0321903496,Abu Dhabi,2025-02-25
CUST-10171,Anya Sachdev,vbalan@example.net,+918999858644,Abu Dhabi,2025-12-14
CUST-10172,Zehaan Saini,lakshitpathak@example.net,1338387653,Abu Dhabi,2024-07-16
CUST-10173,Anay Kibe,vbaria@example.org,02244654501,Ajman,2025-10-28
CUST-10174,Krishna Pau,keeranthony@example.org,01090625234,Ajman,2024-08-30
CUST-10175,Rushil Sur,samijackson@example.com,00987279616,Abu Dhabi,2025-07-03
CUST-10176,Suhani Bhatt,zansi47@example.org,02423941391,Abu Dhabi,2025-07-23
CUST-10177,Vanya Rama,bhavnarattan@example.net,1308416773,Abu Dhabi,2024-08-09
CUST-10178,Isha Bala,falandani@example.org,8894731626,Dubai,2024-08-10
CUST-10179,Anamika Vasa,rachita73@example.com,7927423240,Dubai,2025-11-16
CUST-10180,Meera Nagarajan,praneelkoshy@example.org,+911893851537,Abu Dhabi,2025-11-19
CUST-10181,Nitara Amble,chandranarunima@example.com,2974603651,Sharjah,2025-07-13
CUST-10182,Vansha Sachdev,kantfaraj@example.net,06537827390,Ajman,2025-05-08
CUST-10183,Waida Divan,ovarkey@example.net,8008032533,Ajman,2025-03-01
CUST-10184,Xavier Mukherjee,damyantimajumdar@example.org,08991247063,Dubai,2024-11-03
CUST-10185,Mitesh Sastry,lekha80@example.org,5142072350,Ajman,2025-09-12
CUST-10186,Qadim Bath,urmikorpal@example.net,+919737188903,Abu Dhabi,2024-07-06
CUST-10187,Anamika Narain,harrisonmukherjee@example.org,0548004451,Ajman,2024-07-04
CUST-10188,Sudiksha Srinivas,maxkarnik@example.com,3385291975,Sharjah,2024-10-09
CUST-10189,Jason Padmanabhan,juppal@example.org,+916516784725,Abu Dhabi,2025-07-17
CUST-10190,Jhalak Acharya,qadim63@example.org,09255941529,Sharjah,2025-11-01
CUST-10191,Ishita Gill,esani@example.com,2385544343,Ajman,2025-02-16
CUST-10192,Patrick Varghese,kai73@example.org,00619948974,Sharjah,2024-12-08
CUST-10193,Zayyan Parmer,dinyuvraj@example.com,02055871639,Abu Dhabi,2026-04-17
CUST-10194,Yashawini Hayer,hborah@example.com,03772005787,Sharjah,2024-06-27
CUST-10195,Nidra Randhawa,ekavirbajaj@example.net,+912140239473,Sharjah,2024-07-28
CUST-10196,Avni Bal,iraja@example.net,0173659741,Dubai,2024-07-14
CUST-10197,Waida Kibe,zsheth@example.com,+914981846257,Sharjah,2025-01-30
CUST-10198,Caleb Bahl,bcherian@example.net,+914787677602,Sharjah,2025-10-06
CUST-10199,Ikshita Kalla,olall@example.net,1925071889,Dubai,2025-11-10
CUST-10200,Chandran Ghose,hgoda@example.com,06493431973,Abu Dhabi,2024-07-12
CUST-10201,Siddharth Mitra,gokhaleupadhriti@example.com,6846704072,Abu Dhabi,2025-09-06
CUST-10202,Naksh Ratti,peter08@example.com,+911251505395,Dubai,2026-01-15
CUST-10203,Mitesh Jani,rushilbal@example.com,04280587668,Sharjah,2024-11-01
CUST-10204,Ekantika Ahuja,rajaleena@example.net,05380323798,Dubai,2025-06-15
CUST-10205,Abeer Raju,chasmum96@example.org,03308410845,Ajman,2025-08-15
CUST-10206,Timothy Mand,janiakshay@example.com,9770427803,Ajman,2025-04-29
CUST-10207,Xavier Balakrishnan,amol83@example.net,08183097743,Dubai,2026-02-25
CUST-10208,Sathvik Seshadri,ranamichael@example.net,+912425108224,Sharjah,2024-04-24
CUST-10209,Zilmil Kapadia,odhawan@example.com,04581059285,Sharjah,2026-02-26
CUST-10210,Lekha Narayanan,chakrika66@example.net,+918731066415,Abu Dhabi,2025-08-31
CUST-10211,Abhimanyu Ganesh,liamchahal@example.org,08443007307,Sharjah,2024-06-07
CUST-10212,Ekaja Bahl,ghoshijaya@example.org,09549357408,Ajman,2025-04-13
CUST-10213,Abdul Kar,ggolla@example.com,05583136030,Ajman,2025-11-25
CUST-10214,Sachi Dave,daggarwal@example.org,+918659864994,Ajman,2026-03-01
CUST-10215,Ekantika Mani,bishakha53@example.com,8152428092,Dubai,2024-12-03
CUST-10216,Samaksh Nadkarni,ramachandrananamika@example.org,9275706927,Dubai,2024-04-26
CUST-10217,Gautami Khare,bhatnagarharrison@example.org,6814270558,Dubai,2025-06-16
CUST-10218,Zaitra Saha,ekbal97@example.com,+912111162643,Ajman,2024-08-02
CUST-10219,Ekani Shanker,majumdardhriti@example.net,7809720682,Dubai,2026-01-24
CUST-10220,Theodore Vaidya,samarth11@example.net,2470505102,Sharjah,2025-12-28
CUST-10221,Yashoda Borah,robertkapadia@example.org,09464750156,Dubai,2025-07-18
CUST-10222,Baghyawati Vyas,saibhavsar@example.net,3190973824,Ajman,2024-07-04
CUST-10223,Zansi Desai,manekashish@example.com,4339700143,Abu Dhabi,2026-01-23
CUST-10224,Nikita Borah,chanakya71@example.net,+919790157110,Abu Dhabi,2025-01-15
CUST-10225,Gabriel Sahota,ethansamra@example.org,+917325929355,Dubai,2024-06-15
CUST-10226,Laksh Balan,palllajita@example.net,07688943861,Sharjah,2025-03-28
CUST-10227,Manan Behl,fkrishna@example.org,0343678156,Ajman,2025-05-01
CUST-10228,Gavin Sarma,utkarsh44@example.org,3400806495,Sharjah,2025-04-19
CUST-10229,Yatan Wason,aishanibanik@example.org,9491689999,Sharjah,2024-09-28
CUST-10230,Nathaniel Yadav,zachariahchandani@example.com,8289468049,Abu Dhabi,2025-04-29
CUST-10231,Vedant Mander,ayaanpall@example.net,2762618681,Abu Dhabi,2025-12-18
CUST-10232,Siya Ramaswamy,surazansi@example.org,00605443436,Sharjah,2024-10-27
CUST-10233,Tamanna Som,dakshesh33@example.net,8410547072,Ajman,2024-10-09
CUST-10234,Aachal Vala,ekani46@example.com,03677430410,Dubai,2025-06-12
CUST-10235,Mohammed Singh,fbhatt@example.com,4806021545,Sharjah,2024-10-16
CUST-10236,Yatan Virk,bsinha@example.org,02749790936,Abu Dhabi,2025-05-20
CUST-10237,Hiral Khosla,iradhakrishnan@example.org,4001424170,Sharjah,2025-01-16
CUST-10238,Matthew Sahni,shivani76@example.org,+910725756017,Dubai,2024-10-27
CUST-10239,Turvi Lanka,qkuruvilla@example.net,9695434051,Dubai,2024-12-24
CUST-10240,Xalak Joshi,sethsara@example.org,+919224247543,Sharjah,2025-11-15
CUST-10241,Watika Oza,upasnasha@example.com,04875296297,Abu Dhabi,2024-06-15
CUST-10242,Vyanjana Mistry,zagate@example.com,1429914693,Dubai,2024-07-10
CUST-10243,Kamya Pant,arjunshetty@example.org,7874549615,Dubai,2024-09-17
CUST-10244,Forum Nayar,umang14@example.net,01939095622,Sharjah,2026-04-02
CUST-10245,Rachita Arya,omya53@example.net,1679099564,Sharjah,2025-07-31
CUST-10246,Bahadurjit Rajan,yohannanqabil@example.com,00909715194,Dubai,2025-10-25
CUST-10247,Kamala Shenoy,agastyaravi@example.com,6374342442,Dubai,2024-05-05
CUST-10248,William Bajwa,falaktella@example.com,03960874604,Abu Dhabi,2024-09-25
CUST-10249,Warinder Bhatt,modywriddhish@example.com,01055446839,Dubai,2024-11-09
CUST-10250,Hritik Raval,bhandariorinder@example.net,8787686930,Sharjah,2026-04-16
CUST-10251,Raagini Char,sacharhemangini@example.net,04035042093,Dubai,2025-08-26
CUST-10252,Priya Basu,damyanti53@example.com,+919907996744,Abu Dhabi,2025-08-11
CUST-10253,Kritika Butala,brijesh86@example.org,3760497670,Dubai,2024-09-12
CUST-10254,Aashi Puri,nicholas90@example.org,6654035666,Dubai,2025-08-26
CUST-10255,Kritika Parmer,qdevi@example.com,+918064075279,Dubai,2025-12-27
CUST-10256,Rajata Taneja,eganesh@example.org,4754600431,Ajman,2025-10-18
CUST-10257,Aashi Dada,vpatil@example.com,01540392226,Abu Dhabi,2025-06-20
CUST-10258,Anita Chand,dubesai@example.net,+919866639290,Sharjah,2026-02-11
CUST-10259,Damini Toor,pavaniraghavan@example.com,07489917417,Dubai,2025-09-19
CUST-10260,Aashi Chander,ddalia@example.org,+918667651371,Abu Dhabi,2025-05-28
CUST-10261,Vyanjana Kale,jagrawal@example.com,1820083418,Dubai,2025-05-31
CUST-10262,Jack Srinivasan,halderkavya@example.org,5687263460,Sharjah,2025-04-19
CUST-10263,Chameli Warrior,manan17@example.org,7823219675,Ajman,2026-03-08
CUST-10264,Anthony Pau,rayadya@example.org,00570400365,Sharjah,2025-02-02
CUST-10265,Sarthak Malhotra,jeevika24@example.net,9339140699,Ajman,2024-08-14
CUST-10266,Zayyan Borra,riya02@example.org,8098482846,Ajman,2024-11-04
CUST-10267,Vedika Lanka,bawameera@example.com,3483933941,Abu Dhabi,2024-12-22
CUST-10268,Frado Keer,dvig@example.com,07894050739,Sharjah,2025-05-29
CUST-10269,Hredhaan Mammen,zayanshroff@example.org,+918113308489,Dubai,2025-07-03
CUST-10270,Ekapad Contractor,ojasvivarty@example.com,3274514682,Sharjah,2024-12-23
CUST-10271,Parth Bora,girindrabhagat@example.com,06258051760,Abu Dhabi,2025-04-17
CUST-10272,Ayaan Narang,zansiamble@example.net,+917743713951,Ajman,2025-03-13
CUST-10273,Qarin Sood,zaid17@example.org,+919530693169,Ajman,2026-01-08
CUST-10274,Hemal Kulkarni,george48@example.net,02651803049,Abu Dhabi,2026-01-18
CUST-10275,Osha Cheema,zachariahgarima@example.org,01758824818,Sharjah,2025-07-16
CUST-10276,Isha Sarna,rrajan@example.net,+915953044381,Sharjah,2026-03-29
CUST-10277,Prisha Tiwari,ubikakohli@example.net,8116627463,Abu Dhabi,2025-05-09
CUST-10278,Zashil Dubey,chandamitali@example.org,03324803087,Ajman,2025-08-30
CUST-10279,Yauvani Ghose,taraagarwal@example.net,03352458617,Ajman,2024-08-28
CUST-10280,Arunima Babu,walihemang@example.com,04000938249,Dubai,2025-04-29
CUST-10281,Bishakha Bora,latagavin@example.com,+919945414419,Ajman,2025-08-14
CUST-10282,Chakradhar Biswas,vrindasehgal@example.org,1388975162,Dubai,2025-09-16
CUST-10283,Arjun Atwal,vamakshihegde@example.org,07688013138,Abu Dhabi,2025-07-20
CUST-10284,Arunima Biswas,gavin39@example.net,8388349355,Ajman,2025-08-27
CUST-10285,Naveen Gill,kgrover@example.org,+910330336401,Abu Dhabi,2025-05-04
CUST-10286,Neelima Wadhwa,bhavnamukherjee@example.org,2749570664,Dubai,2024-05-11
CUST-10287,Vasudha Gaba,bhavika13@example.net,+914355204002,Abu Dhabi,2025-03-29
CUST-10288,Gaurav Mitter,kbala@example.com,+915760086493,Ajman,2024-05-29
CUST-10289,Gaurang Gopal,tarakbakshi@example.com,05275663098,Sharjah,2025-08-24
CUST-10290,Veer Ramaswamy,buchkashish@example.net,09725038982,Ajman,2024-06-10
CUST-10291,Netra Agrawal,nnagi@example.com,01437254053,Dubai,2024-05-04
CUST-10292,Tanveer Kata,chanakyaswamy@example.com,07085903624,Ajman,2024-12-19
CUST-10293,Triveni Gola,nairsai@example.net,+918803415066,Sharjah,2024-11-14
CUST-10294,Falak Sibal,varshabal@example.com,0253648942,Ajman,2025-07-23
CUST-10295,Anirudh Sawhney,kpatla@example.com,+918018934147,Dubai,2025-06-06
CUST-10296,Quincy Sani,ksalvi@example.org,1695624082,Ajman,2025-03-12
CUST-10297,Isaiah Sangha,anandkrish@example.com,04865234890,Abu Dhabi,2025-11-04
CUST-10298,Ubika Narayan,lakshmi62@example.org,02707808519,Dubai,2025-01-03
CUST-10299,Neel Brahmbhatt,yashasvibath@example.org,5239363731,Ajman,2025-05-14
CUST-10300,Yug Mandal,tahluwalia@example.com,2516219609,Abu Dhabi,2024-05-23
CUST-10301,Nihal Chaudhuri,ranganathanorinder@example.org,+915454297838,Ajman,2024-12-07
CUST-10302,Jagdish Dara,nirja53@example.com,4028529400,Sharjah,2024-10-17
CUST-10303,Yatan Munshi,pmadan@example.org,04859236540,Abu Dhabi,2025-11-05
CUST-10304,Fiyaz Kuruvilla,pushtikrishnan@example.com,6057462092,Abu Dhabi,2025-04-06
CUST-10305,Laksh Nagy,gtalwar@example.org,4549684146,Abu Dhabi,2024-11-12
CUST-10306,Bina Deshmukh,vincentganesan@example.net,+910289114038,Ajman,2024-11-18
CUST-10307,Tristan Hegde,qasim68@example.org,4134564952,Ajman,2025-01-07
CUST-10308,Azad Mahal,osampath@example.org,+910691804248,Dubai,2025-06-02
CUST-10309,Hitesh Sridhar,kalakalla@example.net,04536589577,Abu Dhabi,2025-10-15
CUST-10310,Gopal Sami,xben@example.net,2219541640,Sharjah,2024-05-09
CUST-10311,Neha Kunda,udasgupta@example.net,+912823476656,Ajman,2024-05-02
CUST-10312,Adya Soman,kchar@example.com,0730579084,Ajman,2025-11-04
CUST-10313,Aahana Nath,anya64@example.com,01980915230,Abu Dhabi,2025-11-14
CUST-10314,Vritti Mann,dasguptawidisha@example.com,5715428035,Ajman,2025-07-20
CUST-10315,Abhimanyu Murthy,osama@example.com,5915890433,Sharjah,2025-09-20
CUST-10316,Zansi Lala,pandyakevin@example.com,3410825159,Abu Dhabi,2025-09-10
CUST-10317,Kamala Mall,ddate@example.net,3270549748,Dubai,2025-04-22
CUST-10318,Sara Ramaswamy,lwali@example.net,04835558008,Dubai,2024-07-21
CUST-10319,Imaran Batta,modybhanumati@example.net,+911447840109,Sharjah,2024-09-02
CUST-10320,Naveen Palla,bailcharles@example.com,+910391804647,Ajman,2025-12-26
CUST-10321,Gautam Sen,jairajdatta@example.org,3801569495,Sharjah,2025-06-15
CUST-10322,Kevin Lall,falguni36@example.net,02678859669,Abu Dhabi,2025-01-08
CUST-10323,Hemangini Bhatia,samar29@example.org,6989809823,Abu Dhabi,2025-09-22
CUST-10324,Warda Devan,swaminathansamaksh@example.net,9617331497,Dubai,2026-03-10
CUST-10325,Ansh Dar,gayathrivora@example.org,0923927499,Sharjah,2025-12-22
CUST-10326,Nachiket Parmer,rakshaswamy@example.net,9566746273,Ajman,2025-10-26
CUST-10327,Azad Padmanabhan,nilimachahal@example.com,+917551707757,Ajman,2025-08-20
CUST-10328,Fariq Rout,fravel@example.org,07716280520,Ajman,2024-09-20
CUST-10329,Kamala Chadha,ozaharish@example.net,+911248887065,Dubai,2025-01-08
CUST-10330,Daksh Bir,robert46@example.com,2831476728,Ajman,2024-12-14
CUST-10331,Indira Saha,hemanggala@example.net,05442239233,Ajman,2024-09-22
CUST-10332,Yasti Bose,kashishsamra@example.org,04308267854,Sharjah,2024-08-07
CUST-10333,Bhavya Karpe,varenya58@example.com,01616378425,Ajman,2025-09-15
CUST-10334,Hemal Hari,gaurang38@example.net,9407599613,Abu Dhabi,2025-08-07
CUST-10335,Garima Narayanan,kamdarmadhav@example.org,+910769901059,Dubai,2025-10-28
CUST-10336,Banjeet Andra,dashjack@example.org,04933711872,Sharjah,2025-04-06
CUST-10337,William Mangal,wdar@example.net,+916387817466,Ajman,2025-04-01
CUST-10338,Garima Dixit,zsama@example.org,1278319616,Ajman,2024-11-27
CUST-10339,Varsha Sangha,kashvisalvi@example.com,01740747476,Abu Dhabi,2025-06-10
CUST-10340,Bhanumati Morar,aryakhurana@example.com,00958338724,Ajman,2024-10-12
CUST-10341,Jonathan Bhatia,aashi43@example.org,+917612601788,Dubai,2024-12-01
CUST-10342,Indrajit Mammen,eesha57@example.net,06524638612,Dubai,2025-04-12
CUST-10343,Mitesh Hayre,jayaramannakul@example.net,+918455418820,Ajman,2024-07-31
CUST-10344,Rachana Naik,arunimadevan@example.net,+918929463857,Sharjah,2024-05-08
CUST-10345,Kala Morar,akari@example.net,+911535406085,Ajman,2026-03-27
CUST-10346,Aarav Sule,ijayabhandari@example.com,04225488917,Ajman,2024-08-04
CUST-10347,Eshana Kale,janyasami@example.net,+914336095499,Sharjah,2025-11-25
CUST-10348,Arunima Banerjee,ganesanjonathan@example.org,05255529833,Dubai,2024-12-18
CUST-10349,Divya Bains,ishabhatt@example.com,00301062886,Abu Dhabi,2025-08-20
CUST-10350,Samaksh Rattan,ahujaxavier@example.net,+917181465601,Dubai,2024-11-26
CUST-10351,Udant Narula,pallanidhi@example.org,+913313077844,Ajman,2025-08-22
CUST-10352,Rishi Brar,nilima63@example.com,06343437768,Dubai,2025-10-15
CUST-10353,Vasatika Nayak,manbirshroff@example.net,6646154432,Sharjah,2024-06-01
CUST-10354,Vedika Tak,farhan31@example.org,+913214325266,Dubai,2024-11-23
CUST-10355,Hamsini Pingle,dhritibawa@example.com,08335088381,Abu Dhabi,2024-07-10
CUST-10356,Krish Agarwal,vrindabir@example.org,3366480601,Sharjah,2025-01-30
CUST-10357,Gautami Ravi,ijayamander@example.org,8433504437,Sharjah,2026-03-03
CUST-10358,Hardik Kale,gmukherjee@example.com,7383121865,Abu Dhabi,2025-04-26
CUST-10359,Janya Saini,manderunni@example.com,+913054339624,Dubai,2025-07-14
CUST-10360,Divya Das,qrai@example.net,05564577964,Ajman,2024-07-21
CUST-10361,Triya Contractor,ekanipathak@example.org,+911234606053,Dubai,2024-10-20
CUST-10362,Neel Sanghvi,yahvibahl@example.org,+916474014853,Abu Dhabi,2025-05-04
CUST-10363,Ijaya Dugar,nisha68@example.org,6619583430,Dubai,2025-11-19
CUST-10364,Anika Sundaram,chakrika86@example.net,01915529779,Dubai,2024-11-24
CUST-10365,Manthan Bhandari,ahujayashodhara@example.net,9670293115,Sharjah,2025-11-18
CUST-10366,Fitan Peri,znair@example.com,+910402643870,Abu Dhabi,2025-08-21
CUST-10367,Onveer Goda,nagyojas@example.net,09992171634,Dubai,2025-08-06
CUST-10368,Timothy Joshi,lekhawalla@example.com,7752820851,Dubai,2025-02-21
CUST-10369,Devansh Aurora,rananicholas@example.org,9756620288,Sharjah,2026-02-22
CUST-10370,Gabriel Sundaram,xbhakta@example.net,+916066826265,Dubai,2024-11-24
CUST-10371,Yug Bassi,cnazareth@example.com,1206021057,Abu Dhabi,2025-12-02
CUST-10372,Max Chakrabarti,psama@example.com,+916954296037,Dubai,2024-07-08
CUST-10373,Andrew Hayre,yadavizachariah@example.com,+915488355557,Dubai,2025-08-31
CUST-10374,Frado Loyal,ucchalsampath@example.com,09933697990,Sharjah,2025-03-05
CUST-10375,Leena Viswanathan,vbansal@example.com,7760360550,Dubai,2026-03-21
CUST-10376,Yadavi Kashyap,ymerchant@example.org,0971503605,Sharjah,2024-04-19
CUST-10377,Eta Barad,sharafucchal@example.com,01834876371,Sharjah,2024-11-19
CUST-10378,Shivansh Murty,dugarluke@example.org,+910540055356,Dubai,2026-03-14
CUST-10379,Ekiya Sharaf,charlesswaminathan@example.com,+912113940643,Abu Dhabi,2024-05-31
CUST-10380,Tanay Gulati,aarini57@example.com,05739174799,Sharjah,2024-11-28
CUST-10381,Chakradhar Gopal,kavyabhargava@example.net,+913948889303,Abu Dhabi,2026-01-01
CUST-10382,Sudiksha Kashyap,yasti11@example.net,06199759929,Abu Dhabi,2025-03-14
CUST-10383,Gunbir Kara,umadan@example.com,+917668865593,Abu Dhabi,2025-05-09
CUST-10384,George Barman,niharikakhalsa@example.org,00161949615,Ajman,2024-10-02
CUST-10385,Diya Vaidya,sehgalridhi@example.org,+915190429547,Sharjah,2024-07-06
CUST-10386,Vasatika Raj,bishakhaahluwalia@example.org,+917463585331,Dubai,2024-09-21
CUST-10387,Ayaan Loyal,kotaindrajit@example.net,+916669329860,Abu Dhabi,2026-03-15
CUST-10388,Deepa Mohan,niharika76@example.com,+913537247619,Dubai,2025-09-04
CUST-10389,Aishani Baria,utkarsh89@example.org,01373110714,Sharjah,2024-09-26
CUST-10390,Baghyawati Mahal,eshana46@example.org,+918979432104,Sharjah,2025-11-07
CUST-10391,Tanish Hayer,vasamahika@example.org,7858928164,Abu Dhabi,2026-04-11
CUST-10392,Ekta Singhal,omya76@example.com,8321386634,Dubai,2024-11-26
CUST-10393,Quincy Goda,harshsharaf@example.net,05684004181,Ajman,2024-10-01
CUST-10394,Balveer Sibal,brindadash@example.com,00280571480,Dubai,2024-05-03
CUST-10395,Kala Comar,banjeetgarg@example.net,01389374433,Dubai,2024-05-15
CUST-10396,Mohini Palla,ybahri@example.com,+918003793924,Dubai,2025-01-16
CUST-10397,Vivaan Dhar,robert97@example.org,00351591821,Dubai,2025-06-21
CUST-10398,Nandini Contractor,snehabrahmbhatt@example.org,04170914275,Abu Dhabi,2026-03-27
CUST-10399,Sai Morar,qasimbalan@example.org,+911900499148,Sharjah,2025-12-11
CUST-10400,Inaya Dayal,vihaansachar@example.net,7072086527,Sharjah,2025-09-05
CUST-10401,Samesh Bhasin,krishgautam@example.net,8254144998,Ajman,2025-02-21
CUST-10402,Arjun Srivastava,csane@example.com,+917638217706,Abu Dhabi,2024-08-14
CUST-10403,Dalaja Goel,baghyawatioommen@example.com,06595513873,Dubai,2024-06-05
CUST-10404,Diya Sandal,jkar@example.net,+918850411316,Sharjah,2024-08-13
CUST-10405,Chameli Thakkar,hritikkrishnamurthy@example.com,03390395993,Ajman,2024-10-11
CUST-10406,Gaurika Sagar,meghanagokhale@example.com,04872123987,Sharjah,2025-06-25
CUST-10407,Pratyush Doctor,ckota@example.org,06751400698,Dubai,2025-02-07
CUST-10408,Aadi Bora,onarayanan@example.org,03674691904,Abu Dhabi,2026-02-10
CUST-10409,Samar Rout,sissac@example.net,4011744595,Ajman,2024-10-02
CUST-10410,Yutika Chana,sekhonsneha@example.net,+917375663511,Dubai,2024-11-26
CUST-10411,Falan Khalsa,bansalchandani@example.net,03807240803,Sharjah,2025-11-19
CUST-10412,Charvi Barad,kmore@example.org,08633325341,Ajman,2024-10-30
CUST-10413,Upasna Yohannan,wvarghese@example.com,+912445910388,Dubai,2025-09-15
CUST-10414,Pushti Khurana,mparmar@example.com,+913868481456,Ajman,2024-05-17
CUST-10415,Urishilla Zachariah,arjunvaidya@example.org,+918228474951,Abu Dhabi,2024-11-21
CUST-10416,Reva Thakur,riya96@example.net,6462752590,Ajman,2025-05-15
CUST-10417,Januja Reddy,mbhatnagar@example.com,+914761366477,Dubai,2025-08-17
CUST-10418,Lohit Goda,desaanvi@example.net,7666690789,Ajman,2024-07-05
CUST-10419,Balendra Sharma,ltrivedi@example.com,5345497799,Ajman,2025-12-05
CUST-10420,Tara Acharya,upal@example.net,+911924461409,Ajman,2024-07-24
CUST-10421,Niharika Ravi,vincenttoor@example.net,05843166219,Ajman,2026-03-20
CUST-10422,Chaitaly Ramesh,priya52@example.org,8679094201,Abu Dhabi,2024-06-08
CUST-10423,Jasmit Krish,zramakrishnan@example.com,5275095523,Ajman,2024-06-29
CUST-10424,Manthan Pandit,suralogan@example.org,03215842367,Abu Dhabi,2025-02-13
CUST-10425,Oeshi Soman,georgeloke@example.net,+914507721917,Abu Dhabi,2026-04-07
CUST-10426,Raksha Chakrabarti,poojaahuja@example.net,00752073930,Ajman,2025-03-19
CUST-10427,Tanay Sama,yuvraj22@example.org,+917323670102,Sharjah,2026-03-06
CUST-10428,Saksham Raval,daraanjali@example.com,6780261811,Abu Dhabi,2026-03-18
CUST-10429,Yasti Ramesh,hemangdixit@example.org,7016560006,Ajman,2025-07-30
CUST-10430,Henry Choudhary,buchsamesh@example.com,09538543649,Dubai,2025-05-18
CUST-10431,Faris Lata,anay58@example.org,+918589530968,Abu Dhabi,2024-06-12
CUST-10432,Devika Samra,ekansh44@example.net,+915618846775,Dubai,2025-11-02
CUST-10433,Qasim Sehgal,samakshgoswami@example.org,07800393264,Dubai,2024-07-04
CUST-10434,Yug Bal,mkurian@example.org,+911346899946,Dubai,2025-01-16
CUST-10435,Wazir Dhar,aayushchakrabarti@example.com,5809604361,Ajman,2024-07-08
CUST-10436,Hemangini Balakrishnan,mitalidhingra@example.com,6369833348,Abu Dhabi,2025-11-09
CUST-10437,Zaitra Bava,ramakrishnanomkaar@example.org,5537692269,Dubai,2025-10-18
CUST-10438,Harsh Chana,jeremiah23@example.com,3650739253,Sharjah,2025-11-18
CUST-10439,Anay Khurana,leena58@example.com,0758986767,Dubai,2024-06-13
CUST-10440,Tripti Dar,bhavika05@example.net,02684875275,Ajman,2025-08-02
CUST-10441,Sathvik Bail,dhritidutt@example.com,02261963012,Abu Dhabi,2024-06-21
CUST-10442,Ekantika Sarna,kalitaharinakshi@example.com,6174061239,Sharjah,2025-11-06
CUST-10443,Banjeet Korpal,chandgeetika@example.net,01337295092,Abu Dhabi,2024-08-28
CUST-10444,Vasana Iyengar,qasim95@example.org,+910647647613,Dubai,2026-02-13
CUST-10445,Brijesh Kala,champak11@example.net,+910278477496,Dubai,2025-11-16
CUST-10446,Zilmil Vohra,netra73@example.com,+914278151773,Ajman,2025-06-20
CUST-10447,Upkaar Date,diyadutt@example.org,06590221010,Dubai,2024-07-23
CUST-10448,Ria Batra,kotayashoda@example.net,0845537970,Ajman,2024-11-14
CUST-10449,Adweta Oak,amrutalala@example.com,7875284904,Abu Dhabi,2024-06-01
CUST-10450,Geetika Minhas,christophermangal@example.org,08025086516,Abu Dhabi,2025-11-30
CUST-10451,Brijesh Kaur,falak70@example.net,09189229356,Ajman,2025-07-08
CUST-10452,Indrajit Handa,narangkabir@example.net,05078624775,Dubai,2024-11-27
CUST-10453,Veer Malhotra,pjayaraman@example.net,+911382477289,Abu Dhabi,2025-05-06
CUST-10454,Aryan Srinivas,anika66@example.org,+913789766995,Sharjah,2025-12-16
CUST-10455,Zaitra Sachar,wridesh15@example.com,9775852647,Dubai,2025-12-07
CUST-10456,Wyatt Banerjee,khoslayoshita@example.org,7173247976,Sharjah,2026-02-21
CUST-10457,Zilmil Thakur,vyanjana12@example.com,0855592903,Ajman,2026-03-17
CUST-10458,Samesh Biswas,madhavi00@example.com,+917877788381,Ajman,2024-09-28
CUST-10459,Jonathan Sharaf,chandvrinda@example.net,02415078332,Dubai,2024-12-17
CUST-10460,Tamanna Kaul,trivenimand@example.org,07854563990,Sharjah,2025-07-17
CUST-10461,Vihaan Gandhi,jeetnair@example.org,00473311492,Ajman,2025-05-07
CUST-10462,Dayita Saraf,nmangal@example.com,+915832259759,Abu Dhabi,2025-01-06
CUST-10463,Tripti Dua,panchalkrishna@example.org,+914253391979,Sharjah,2026-01-27
CUST-10464,Zinal Tiwari,ckaul@example.com,04326549266,Ajman,2026-01-19
CUST-10465,Ryan Doctor,bina41@example.com,+914249041720,Abu Dhabi,2025-08-30
CUST-10466,Nicholas Bandi,xitichad@example.com,+916200638202,Abu Dhabi,2025-02-08
CUST-10467,Michael Swaminathan,bkeer@example.net,4660344234,Abu Dhabi,2024-12-20
CUST-10468,Damyanti Ramachandran,nikita63@example.net,4201552617,Sharjah,2025-04-29
CUST-10469,Sara Edwin,varmachaitaly@example.com,9998149395,Abu Dhabi,2025-09-15
CUST-10470,Charita Mangal,wsangha@example.org,9582854923,Ajman,2025-04-02
CUST-10471,Arya Hari,yahviagrawal@example.org,+914177168462,Abu Dhabi,2025-08-11
CUST-10472,Hiral Som,zayan73@example.org,5511240374,Sharjah,2025-10-14
CUST-10473,Nidhi Bandi,ekaja01@example.com,00528109683,Ajman,2024-11-23
CUST-10474,Vedika Verma,ucchalsuresh@example.com,+917900804401,Abu Dhabi,2025-04-03
CUST-10475,Yug Chakrabarti,kashyapekavir@example.net,+911338446533,Abu Dhabi,2024-12-26
CUST-10476,Tanish Balasubramanian,ygera@example.net,02315268233,Dubai,2025-07-21
CUST-10477,Falak Ramakrishnan,gkhurana@example.com,2643986552,Sharjah,2025-06-02
CUST-10478,Ridhi Patil,gabrielaggarwal@example.net,4005652345,Ajman,2024-12-19
CUST-10479,Varenya Wason,darsh75@example.org,+913504905323,Abu Dhabi,2024-08-15
CUST-10480,Gaurika Sarkar,rsharma@example.com,08490748685,Ajman,2024-05-22
CUST-10481,Forum Dara,srivastavaarunima@example.com,02651502465,Sharjah,2025-10-28
CUST-10482,Ayushman Sura,sachdevabhavani@example.com,4212461650,Ajman,2025-02-06
CUST-10483,Onkar Brar,keerchakradev@example.net,05781268578,Dubai,2026-04-10
CUST-10484,Atharv Wali,ridhi89@example.com,+910079006969,Dubai,2024-12-22
CUST-10485,Omaja Dubey,theodore42@example.org,08714300648,Dubai,2024-08-15
CUST-10486,Yauvani Dhingra,pratyushkaur@example.org,2858912747,Abu Dhabi,2024-09-15
CUST-10487,Xalak Jha,chandresh28@example.net,02806864344,Abu Dhabi,2024-12-03
CUST-10488,Lipika Mandal,krishnachakrabarti@example.com,7322685914,Sharjah,2025-04-29
CUST-10489,Mitali Murthy,csingh@example.net,00839270938,Ajman,2025-07-23
CUST-10490,Qushi Ghosh,farasrana@example.com,0091894205,Dubai,2025-06-30
CUST-10491,Vincent Vohra,cnadkarni@example.org,06650701505,Ajman,2024-08-04
CUST-10492,Aditya Varghese,advikaramaswamy@example.org,2053888324,Ajman,2025-06-14
CUST-10493,Niharika Shan,jagat89@example.com,1161198328,Dubai,2025-06-17
CUST-10494,Bhanumati Bhandari,kmallick@example.com,6565738147,Sharjah,2025-01-12
CUST-10495,Odika Mistry,raumegha@example.org,7918001162,Sharjah,2024-08-05
CUST-10496,Abdul Chopra,vasatikakarpe@example.com,0432640753,Ajman,2025-04-16
CUST-10497,Yamini Kumar,siya00@example.net,2623573107,Sharjah,2025-06-17
CUST-10498,Anusha Kala,jyoti16@example.net,+919579620818,Ajman,2025-11-14
CUST-10499,Chatresh More,krishnamurthykashvi@example.net,+910934165225,Ajman,2026-03-03
